{
    "measured_voltage_mv": 2500.0,
    "prototype_efficiency": 1.518594819113082e-05,
    "k_amp": 0.0006074379276452328
}